Company,URL,CMS,Detection Reason

evretos,evretos.com.au,Error,No response received from server or request timed out
brilliant electrical solutions,brilliantelectrical.com.au,Unknown,No CMS markers found
design stainless industries,designstainless.com.au,Error,HTTP 404 - Not Found
forte property group,,Error,Empty or invalid URL
roofmasters pty ltd,roofmasters.com.au,WordPress,Detected WordPress markers
redbay consulting pty ltd,redbay.com.au,Unknown,No CMS markers found
jrs ‚Äòshared success‚Äô - contracting engineers,jrsengineering.com.au,Error,HTTP 500 - Internal Server Error
pinpointer,pinpointer.io,Error,No response received from server or request timed out
maxconsilium professionals,,Error,Empty or invalid URL
wp waterproofers sydney,waterproofers.com.au,Error,HTTP 403 - Forbidden
phoenix it australia,phoenixit.com.au,Unknown,No CMS markers found
ampstar electrical,ampstar.com.au,Error,No response received from server or request timed out
muffin break pty ltd,madenmachinetools.co.uk,Unknown,No CMS markers found
property by sabau,propertybysabau.com.au,Error,No response received from server or request timed out
a j software private limited,,Error,Empty or invalid URL
freelance.,,Error,Empty or invalid URL
tradies network qld,smgaustralia.com,Unknown,No CMS markers found
inventua,inventua.com,Unknown,No CMS markers found
rangedale drainage services (rds),,Error,Empty or invalid URL
jcp facility services,jcpfacilityservices.com.au,WordPress,Detected WordPress markers
energy projects australia,energyprojectsaustralia.com.au,Error,HTTP 403 - Forbidden
access cranes,accesscranes.com.au,Wix,Detected Wix markers
applied logic it,appliedlogic.com.au,WordPress,Detected WordPress markers
patch king,patchking.com,Error,HTTP 403 - Forbidden
design & building group,dabg.com.au,WordPress,Detected WordPress markers
brace projects,braceprojects.com.au,Unknown,No CMS markers found
a b construct  commercial building,ab23.com.au,Wix,Detected Wix markers
ice stream it,icestream.com.au,Unknown,No CMS markers found
victoria asphalt,victoriaasphalt.com.au,WordPress,Detected WordPress markers
forefront software development,forefrontsd.com,Error,HTTP 500 - Internal Server Error
olz electrical,olzelectrical.com.au,Error,HTTP 403 - Forbidden
ekv plumbing,ekvplumbing.com.au,Unknown,No CMS markers found
bridgeship it solutions,bridgeship.com,Unknown,No CMS markers found
loader,loader.us.com,Error,No response received from server or request timed out
fox united building pty ltd,,Error,Empty or invalid URL
mw civil & earthmoving,,Error,Empty or invalid URL
bifold zone,bifoldzone.com.au,WordPress,Detected WordPress markers
yellowdotpink,yellowdotpink.com,Wix,Detected Wix markers
aumond concrete innovations,aumond.com.au,Error,No response received from server or request timed out
legends build group,legendsbuildgroup.com.au,WordPress,Detected WordPress markers
sds structural detailing service,sdsstructural.com.au,WordPress,Detected WordPress markers
chrome plumbing services,chromeplumbingservices.com.au,Unknown,No CMS markers found
sunbuild constructions,sunbuildconstructions.com.au,WordPress,Detected WordPress markers
woodstock cabinets & kitchens,woodstockcabinets.com.au,Error,No response received from server or request timed out
brady ips,bradyips.com.au,Error,No response received from server or request timed out
comsys technology group,comsysgroup.com.au,Unknown,No CMS markers found
evcs,evcs.com.au,Error,HTTP 404 - Not Found
c&l cassidy plumbing,clcassidyplumbing.com.au,Error,No response received from server or request timed out
dixon homes gold coast,dixonhomes-goldcoast.com.au,Error,No response received from server or request timed out
sunscreen patios & pergolas,sunscreenpatios.com.au,WordPress,Detected WordPress markers
amplify training & consulting,amplifytraining.com.au,Unknown,No CMS markers found
electrician bros,electricianbros.com.au,Unknown,No CMS markers found
nbs digital,,Error,Empty or invalid URL
swan river flooring,swanriverflooring.com.au,Unknown,No CMS markers found
hills carpentry,,Error,Empty or invalid URL
mr clean man,,Error,Empty or invalid URL
the salty dog company,thesaltydogcompany.com.au,WordPress,Detected WordPress markers
brisbane tile & stone sealing,btsss.com.au,WordPress,Detected WordPress markers
accord technologies wa pty ltd,accord.com.au,Error,HTTP 403 - Forbidden
nuamedia,nuamedia.com.au,Unknown,No CMS markers found
conjecture data solutions,systemident.com,Unknown,No CMS markers found
klinge constructions,klingecd.net.au,WordPress,Detected WordPress markers
cadence,cadenceconstructions.com.au,WordPress,Detected WordPress markers
rayglintÊ†™Âºè‰ºöÁ§æ,rayglint.com,WordPress,Detected WordPress markers
iabrahampos,iabrahampos.com,Wix,Detected Wix markers
office plus,officeplus.net.au,Error,HTTP 500 - Internal Server Error
gdb solutions pty ltd,gdbsoln.com.au,Unknown,No CMS markers found
the pixel junction,thepixeljunction.com.au,WordPress,Detected WordPress markers
peter mcmahon's swim factory,swimfactory.com.au,Error,HTTP 403 - Forbidden
probuilt projects,probuiltprojects.com.au,Unknown,No CMS markers found
queensland family pools,queenslandfamilypools.com.au,WordPress,Detected WordPress markers
coolrite airconditioning pty ltd,coolriteairconditioning.com.au,Error,HTTP 403 - Forbidden
outdoor design and living,,Error,Empty or invalid URL
all state demolition,,Error,Empty or invalid URL
build better homes,buildbetterhomes.com.au,Error,No response received from server or request timed out
lozzil digital agency,,Error,Empty or invalid URL
jumeira consulting,jumeiraconsulting.com,Error,No response received from server or request timed out
tradepro renovations,tradeprorenovations.com.au,Error,No response received from server or request timed out
empire concrete constructions,empireconcrete.net.au,Error,No response received from server or request timed out
topend frp,topendfrp.com,Error,No response received from server or request timed out
horologe pty. ltd.,horologe.com.au,Unknown,No CMS markers found
twenty2 property group,twenty2property.com.au,WordPress,Detected WordPress markers
atessa pty ltd,atessa.com.au,Unknown,No CMS markers found
udata ai and data science,udata.tech,Unknown,No CMS markers found
hayden's ceilings & partitions,commercialceilings.melbourne,Error,No response received from server or request timed out
portolesi structural,portolesi.com.au,Unknown,No CMS markers found
functional cleaning services,,Error,Empty or invalid URL
is my software,ismysoftware.com,Error,No response received from server or request timed out
blue frog software,bluefrogsoftware.com.au,Unknown,No CMS markers found
pro-lighting solutions,prolightingsolutions.com.au,Error,No response received from server or request timed out
arcsec it,arcsecit.com.au,WordPress,Detected WordPress markers
cma contracting pty ltd,cmacontracting.com.au,WordPress,Detected WordPress markers
metalbenz,metalbenz.com.au,WordPress,Detected WordPress markers
everoak,everoakfloors.com,Error,No response received from server or request timed out
centech group,centechgroup.com.au,Unknown,No CMS markers found
cloudscombined.com,cloudscombined.com,Unknown,No CMS markers found
mongoose digital,mongoosedigital.com.au,WordPress,Detected WordPress markers
mcloughlan constructions,,Error,Empty or invalid URL
tekell family homes,tekellfamilyhomes.com.au,WordPress,Detected WordPress markers
quick smart building solutions,quicksmartbuildingsolutions.com,Error,No response received from server or request timed out
vividworks,vividworks.com.au,Error,HTTP 409 - Conflict
pj garage doors,pjgaragedoors.com.au,WordPress,Detected WordPress markers
advanced information technologies,aitonline.com.au,WordPress,Detected WordPress markers
amdx group,amdx.com.au,Error,No response received from server or request timed out
landscape elements australia,landscapeelements.com.au,WordPress,Detected WordPress markers
custom transportable buildings pty limited,ctb.net.au,WordPress,Detected WordPress markers
siena services,siena.id.au,Error,No response received from server or request timed out
excavations qld pty,excavationsqueensland.com.au,Error,No response received from server or request timed out
career connector,careerconnector.com.au,WordPress,Detected WordPress markers
particle sales accelerator,particlesales.com,WordPress,Detected WordPress markers
this solution,,Error,Empty or invalid URL
wise electrical services,wiseelectrical.com.au,Error,HTTP 404 - Not Found
renaissance infosystems,reninfo.com.au,WordPress,Detected WordPress markers
foam sealant,foamsealant.com.au,WordPress,Detected WordPress markers
energy wave,energywave.com.au,Unknown,No CMS markers found
fielding plumbing,fieldingplumbing.com.au,WordPress,Detected WordPress markers
inovait solutions,inovait.com.au,Unknown,No CMS markers found
solutionswon group pty ltd,solutionswon.com,Unknown,No CMS markers found
darrall gibson & sons plasterers,gibsplas.com.au,WordPress,Detected WordPress markers
aussietecture,aussietecture.com.au,WordPress,Detected WordPress markers
wetfix waterproofing,wetfix.com.au,WordPress,Detected WordPress markers
octagon lifts pty ltd,octagonlifts.com.au,Unknown,No CMS markers found
apigeeks,apigeeks.com,Unknown,No CMS markers found
jfk custom homes,jfkcustomhomes.com.au,WordPress,Detected WordPress markers
kelly's panel refinishes,kellyspanelrefinishes.com.au,Unknown,No CMS markers found
waterforms international,waterforms.com.au,Unknown,No CMS markers found
metamorph-it,metamorph-it.com,Wix,Detected Wix markers
sustainify,sustainify.com.au,Unknown,No CMS markers found
heavylift transport solutions,heavylifts.com.au,Error,No response received from server or request timed out
apparel21,apparel21.com,Error,No response received from server or request timed out
greville consulting,grevilleconsulting.com.au,Wix,Detected Wix markers
emiris group,emirisgroup.com,Unknown,No CMS markers found
craft in wood,craftinwood.com.au,WordPress,Detected WordPress markers
santos ready mixed concrete,santosconcrete.com.au,WordPress,Detected WordPress markers
workit hr,mercury.com.au,Error,No response received from server or request timed out
allspan building,allspanbuilding.com,Error,No response received from server or request timed out
krongold constructions (aust) pty ltd,krongoldgroup.com.au,Unknown,No CMS markers found
sigmatech it services,sigmatech.com.au,WordPress,Detected WordPress markers
mirvac residential,,Error,Empty or invalid URL
solar x australia,xsolar.com.au,WordPress,Detected WordPress markers
ghungalu enterprises pty ltd,ghungalu.com.au,Error,HTTP 404 - Not Found
schouten concrete constructions,schouten.com.au,WordPress,Detected WordPress markers
mosmar,mosmar.com.au,WordPress,Detected WordPress markers
tg excavations and unique,tgexcavationsandpools.com.au,WordPress,Detected WordPress markers
freaky techy,freakytechy.com,Error,No response received from server or request timed out
monadelphous,monadelphous.com.au,Unknown,No CMS markers found
sheed electrical pty ltd,sheedelectricalcontractors.com.au,Error,No response received from server or request timed out
nle commercial,nle.com.au,Error,HTTP 403 - Forbidden
seqos,seqos.au,Error,No response received from server or request timed out
ghr concrete and landscaping service,ghrconcreteandlandscapingservice.com.au,Error,No response received from server or request timed out
julian mccarthy landscapes,julianmccarthylandscapes.com.au,WordPress,Detected WordPress markers
navhnidh constructions,navhnidhconstructions.com.au,Unknown,No CMS markers found
anfactorai¬Æ,anfactor.ai,Error,No response received from server or request timed out
fixit-it pty limited,fixit-it.com.au,WordPress,Detected WordPress markers
kanvent,kanvent.com,Error,HTTP 404 - Not Found
blomet australia,blomet.com.au,Error,No response received from server or request timed out
bunyip glass,bunyipglass.com,Error,No response received from server or request timed out
walker brothers electrical pty ltd,walkerbrotherselectrical.com.au,Error,No response received from server or request timed out
3dmp,3dmp.com.au,Error,No response received from server or request timed out
newsites.ws,newsites.ws,Error,No response received from server or request timed out
raishio,raishio.com,Error,No response received from server or request timed out
novum solutions pty ltd,,Error,Empty or invalid URL
tribez aluminium solutions,tri-bez.com.au,Error,No response received from server or request timed out
mckibbin carpentry,mckibbincarpentry.com.au,Error,No response received from server or request timed out
mall electric,mallelectric.com.au,Error,No response received from server or request timed out
scientific world,,Error,Empty or invalid URL
gsdn tech programs,gsdntp.com.au,Error,No response received from server or request timed out
nomat,nomat.com.au,Error,No response received from server or request timed out
technica,technica.com.au,Error,No response received from server or request timed out
dhiki labs,dhikilabs.com,Error,No response received from server or request timed out
bakas it solutions (s.a.) pty ltd,,Error,Empty or invalid URL
techrite,techrite.co.in,Error,No response received from server or request timed out
km spatial,facebook.com/pg/kmspatial,Error,No response received from server or request timed out
mick andrews concreting,concretegeelong.websyte.com.au,Error,No response received from server or request timed out
boosted human,boostedhuman.com,Error,No response received from server or request timed out
alliance construction solutions,allianceconstruction.com.au,Unknown,No CMS markers found
mvp bee,mvpbee.com,Unknown,No CMS markers found
aquarius precast,aquariusprecast.com.au,WordPress,Detected WordPress markers
single source solutions,singlesource.com.au,Unknown,No CMS markers found
cloud integrators,,Error,Empty or invalid URL
emu robotics,emu-robotics.au,Unknown,No CMS markers found
insulation batts australia,insulationbattsaustralia.com.au,Error,No response received from server or request timed out
hypersight,hypersight.com.au,WordPress,Detected WordPress markers
callen constructions,callenconstructions.com,Wix,Detected Wix markers
microchips australia pty ltd,microchips.com.au,Shopify,Detected Shopify markers
wa insurance builders and restofix services,wainsurancebuilders.com.au,WordPress,Detected WordPress markers
jag constructions group pty ltd,jagconstructions.com.au,Wix,Detected Wix markers
mobi√∂m,mobiom.com.au,Error,No response received from server or request timed out
tcl support services,tclss.com.au,WordPress,Detected WordPress markers
totem civil services,totemcs.com.au,WordPress,Detected WordPress markers
frampton builders,framptonbuilders.com,WordPress,Detected WordPress markers
specialist it,specialistit.com.au,Error,No response received from server or request timed out
aed construction pty ltd,aedconstruction.com.au,Error,No response received from server or request timed out
concord industrial coatings,concordcoatings.com.au,Unknown,No CMS markers found
whittens,whittensgroup.com.au,WordPress,Detected WordPress markers
topmarc construction,topmarc.com.au,Unknown,No CMS markers found
nhm painting & decorating pty ltd,nhmpainting.com.au,Error,HTTP 403 - Forbidden
cavendi,cavendi.com.au,Error,No response received from server or request timed out
rent to live co.,marrickvilletimberyards.com.au,Unknown,No CMS markers found
k black accounting pty ltd.,kblackaccounting.com.au,Unknown,No CMS markers found
top marks it,topmarksit.com.au,Unknown,No CMS markers found
mr colorbond roofing,mrcolorbondroofing.com.au,Error,No response received from server or request timed out
david dunbar homes,dunbarhomes.com.au,Unknown,No CMS markers found
counterparts group,counterparts.com.au,Unknown,No CMS markers found
dennis chilo cabinets,dennischilocabinets.com.au,WordPress,Detected WordPress markers
nitor tech,nitor.tech,WordPress,Detected WordPress markers
squires designer homes,sdhomes.com.au,Wix,Detected Wix markers
tech analysis,techanalysis.com.au,Unknown,No CMS markers found
carroll constructions,carrollconstructions.com.au,Error,No response received from server or request timed out
agile9,agile9.com.au,Unknown,No CMS markers found
regional recycle,regionalrecycle.com.au,WordPress,Detected WordPress markers
zed binary,zedbinary.com,Unknown,No CMS markers found
it advantage,itadvantage.com.au,WordPress,Detected WordPress markers
"ihseq - consultants, swms, management systems, swp, forms, policies",ihseq.services,WordPress,Detected WordPress markers
skie,skie.com.au,WordPress,Detected WordPress markers
hostworks central pty ltd.,didatacentral.com.au,Error,No response received from server or request timed out
appifany app development,appifany.com.au,Wix,Detected Wix markers
wp bookkeeping services,,Error,Empty or invalid URL
fitzroy shopfitting,fitzroyshopfitting.com.au,Error,No response received from server or request timed out
australian paving centre kadina,australianpaving.com.au,WordPress,Detected WordPress markers
gippsland women in new energy - gwne,gwne.org.au,Unknown,No CMS markers found
mlb concrete and construction,,Error,Empty or invalid URL
scalegy,scalegy.com,Error,No response received from server or request timed out
blue anar,blueanar.com,Unknown,No CMS markers found
admin support services,adminsupports.com,Unknown,No CMS markers found
hilook australia,,Error,Empty or invalid URL
stuart and pierce constructions,stuartandpierce.com.au,Error,No response received from server or request timed out
h&m tracey construction pty ltd,hmtracey.com.au,WordPress,Detected WordPress markers
inner bath,innerbath.com.au,WordPress,Detected WordPress markers
everkeen,everkeen.com.au,WordPress,Detected WordPress markers
websight creative,websightcreative.com,Error,No response received from server or request timed out
accurate gas plumbing,accurategasplumbing.com.au,Unknown,No CMS markers found
core project group pty ltd,coreprojectgroup.com.au,WordPress,Detected WordPress markers
byron and beyond fencing,,Error,Empty or invalid URL
gdey digital,gdey.com.au,Unknown,No CMS markers found
my computers,mycomputers.com.au,Error,No response received from server or request timed out
barefoot web design | freelance web designer,barefoot-web-design-brisbane.business.site,Error,HTTP 404 - Not Found
koldair,koldair.com.au,Error,No response received from server or request timed out
deadshort electrical pty. ltd.,deadshort.com.au,WordPress,Detected WordPress markers
babel consulting,babel.com.au,Unknown,No CMS markers found
ceramstone,ceramstone.com.au,WordPress,Detected WordPress markers
farside tech repairs,farsidetech.com,Unknown,No CMS markers found
dock 5,dock5.com.au,Unknown,No CMS markers found
interfuse technologies,interfusetechnologies.com.au,WordPress,Detected WordPress markers
digital alternative,digalt.com.au,WordPress,Detected WordPress markers
ignite community network,,Error,Empty or invalid URL
david tomlinson photographics,dtphotos.com.au,Error,No response received from server or request timed out
timbertechfloors,timbertechfloors.com.au,Unknown,No CMS markers found
ash timber flooring,ashtimberflooring.com.au,Unknown,No CMS markers found
techflock consulting pty ltd,techflock.com.au,WordPress,Detected WordPress markers
one red thread,oneredthread.com.au,Error,HTTP 404 - Not Found
ieinfotech,ieinfotech.com.au,Unknown,No CMS markers found
client culture,clientculture.com.au,Unknown,No CMS markers found
jigsaw notions,jigsawnotions.com.au,Unknown,No CMS markers found
msm services pty ltd,msmservicesptyltd.com.au,Unknown,No CMS markers found
tibbles bricklaying,tibblesbricklaying.com.au,Wix,Detected Wix markers
member hub,memberhub.com.au,Unknown,No CMS markers found
mark bull electrical,markbullelectrical.com.au,WordPress,Detected WordPress markers
west coast holiday homes,westcoastholidayhomes.com.au,WordPress,Detected WordPress markers
self-employed freelancer,monny.com.au,Unknown,No CMS markers found
integra pvt ltd,integra.mv,Error,No response received from server or request timed out
ampvolt electrical,,Error,Empty or invalid URL
seq epoxy flooring & concrete polishing,,Error,Empty or invalid URL
tahami tech,tahamitech.com.au,Error,No response received from server or request timed out
unite solutions,unitesolutions.com.au,Unknown,No CMS markers found
signmee,signmee.com,Unknown,No CMS markers found
itrak,i-trak.com.au,Unknown,No CMS markers found
peak ai pty ltd,peakai.com.au,Unknown,No CMS markers found
apple network constructions,applenetwork.com.au,Error,No response received from server or request timed out
polyseal group australia,polyseal.com.au,WordPress,Detected WordPress markers
stroud homes,stroudhomes.com.au,Unknown,No CMS markers found
tasmanian concrete pumping,tasmanianconcretepumping.com.au,Error,HTTP 500 - Internal Server Error
buildev,buildev.com.au,Error,No response received from server or request timed out
leedr australia,,Error,Empty or invalid URL
kyi washroom systems,kyi.net.au,Unknown,No CMS markers found
acceler8 technologies,acceler8.net.au,Error,No response received from server or request timed out
artlivemedia,artlivemedia.com,Error,HTTP 404 - Not Found
sda plumbing,sdaplumbing.com.au,Error,HTTP 403 - Forbidden
buildmark perth,buildmark.net.au,WordPress,Detected WordPress markers
minchin & sims pty ltd,minchinandsims.com.au,Unknown,No CMS markers found
field energy services - fes,fieldenergyservices.com.au,WordPress,Detected WordPress markers
south australian painting services,sapaintingservices.com.au,WordPress,Detected WordPress markers
xenex systems,xenexsystems.com.au,WordPress,Detected WordPress markers
roofwest roof restorations bunbury,roofwest.com.au,WordPress,Detected WordPress markers
mobile scaffolds,mobilescaffolds.com.au,Unknown,No CMS markers found
easyfit balustrading,easyfitbalustrading.com.au,WordPress,Detected WordPress markers
daydreamer now,daydreamernow.com,Error,No response received from server or request timed out
bruce dunlop computers,brucedunlopcomputers.com.au,Error,No response received from server or request timed out
pendula,pendula.com,Unknown,No CMS markers found
brainbox solutions,brainboxsolutions.com.au,Unknown,No CMS markers found
integra contracting,,Error,Empty or invalid URL
breadcrumb digital,breadcrumbdigital.com.au,WordPress,Detected WordPress markers
ischebeck titan (australia) pty ltd,ischebeck-titan.com.au,WordPress,Detected WordPress markers
volkcomm group,volkcomm.com,Unknown,No CMS markers found
goldsmiths building services,goldiesbuilding.com.au,WordPress,Detected WordPress markers
sky facades,skyfacades.com.au,WordPress,Detected WordPress markers
cooper carpentry & fencing,coopercarpentryandfencing.com,WordPress,Detected WordPress markers
the leadlight workshop,leadlightworkshop.com.au,WordPress,Detected WordPress markers
colladium,colladium.com,WordPress,Detected WordPress markers
gold style homes,goldstylehomes.com.au,Error,No response received from server or request timed out
pearl plumbing,pearlplumbing.com.au,WordPress,Detected WordPress markers
morf dynamics ltd.,morfdynamics.com,Error,No response received from server or request timed out
cabonne constructions,cabonneconstructions.com.au,WordPress,Detected WordPress markers
approved electrix,approvedelectrix.com.au,WordPress,Detected WordPress markers
mirror image concrete polishing,mirrorimageconcretepolishing.com.au,Error,HTTP 500 - Internal Server Error
egans group,,Error,Empty or invalid URL
estate building and renovating,estatebuilding.com.au,Error,No response received from server or request timed out
hit 365 solutions,hit365.com.au,Unknown,No CMS markers found
sheriff drilling & excavations pty ltd,,Error,Empty or invalid URL
jce windows and glass,jcewindowsandglass.com.au,Error,HTTP 403 - Forbidden
authentical,authentical.co,Wix,Detected Wix markers
shiftco,shiftco.com.au,Error,HTTP 404 - Not Found
rb cloud consulting,rbcloud.com.au,Error,HTTP 403 - Forbidden
milarne consulting,milarneconsulting.com,WordPress,Detected WordPress markers
r. w. bond constructions &,rwbondconstructions.com.au,Unknown,No CMS markers found
logic cranes and hoists,logiccranes.com.au,Error,HTTP 403 - Forbidden
red power pty ltd,redpower.com.au,WordPress,Detected WordPress markers
plumbers & gasfitters bunbury,plumbersbunbury.com.au,WordPress,Detected WordPress markers
icefire technologies pty ltd,,Error,Empty or invalid URL
dunn and williams,dunnandwilliams.com.au,Unknown,No CMS markers found
ict global services,ictglobal.com.au,Error,No response received from server or request timed out
on projects (onpc),onpc.com.au,Error,No response received from server or request timed out
city systems pty ltd,citysystems.com.au,WordPress,Detected WordPress markers
general electric perth,generalelectricperth.com.au,Error,No response received from server or request timed out
c u building group,cubuildinggroup.com.au,WordPress,Detected WordPress markers
k&o concrete group,,Error,Empty or invalid URL
right hand it solutions,rhand.com.au,Unknown,No CMS markers found
quadracon building pty ltd,quadracon.com.au,Unknown,No CMS markers found
ace australian construction experts,aceaustralian.com.au,Unknown,No CMS markers found
cstech group pty ltd,cstechgroup.com.au,Wix,Detected Wix markers
aquatech grouting,aquatechgrouting.com.au,Wix,Detected Wix markers
australian home inspections,australianhomeinspections.com.au,WordPress,Detected WordPress markers
fuse electrical,fuseelectrical.com.au,Error,No response received from server or request timed out
luiz cavalieri portfolio,luizcavalieri.ninja,Unknown,No CMS markers found
lookup roof restoration,lookuproof.com.au,WordPress,Detected WordPress markers
floor 91,,Error,Empty or invalid URL
b-built technologies,bbuilt.com.au,Unknown,No CMS markers found
kent & blake consulting,kentblake.com.au,Error,No response received from server or request timed out
sterling supplies,sterlingsupplies.com.au,WordPress,Detected WordPress markers
pergolas plus pty ltd,pergolasplus.com.au,Unknown,No CMS markers found
styleline commercial interiors,styleline.com.au,Unknown,No CMS markers found
concrete pumping melbourne,concretepumpingmelbourne.com,WordPress,Detected WordPress markers
infracon,,Error,Empty or invalid URL
ponman constructions,ponmanconstructions.com.au,WordPress,Detected WordPress markers
eclpse kimberley,,Error,Empty or invalid URL
www.mybottleshop.com.au,mybottleshop.com.au,Error,HTTP 503 - Service Unavailable
power pool paving,powerpoolpaving.com.au,Error,HTTP 404 - Not Found
united management (sydney),unitedmanagement.net.au,Unknown,No CMS markers found
demolition newcastle experts,newcastledemolitions.com,Unknown,No CMS markers found
element hydrographic solutions,elemenths.com.au,Unknown,No CMS markers found
professional technology partners (australia),ptp.net.au,WordPress,Detected WordPress markers
floorseal moorabbin,auscraftgroup.com.au,WordPress,Detected WordPress markers
kensington kitchens and bathrooms,kensingtonkitchensandbathrooms.com.au,Unknown,No CMS markers found
hope rope,hoperope.com.au,WordPress,Detected WordPress markers
fuzee,fuzee.com.au,Error,No response received from server or request timed out
greg mitchell building pty ltd,gregmitchellbuilding.com.au,Error,No response received from server or request timed out
dc advance plumbing,,Error,Empty or invalid URL
comfort heating & cooling,comfortheatcool.com.au,WordPress,Detected WordPress markers
estateville pty ltd,,Error,Empty or invalid URL
redfish group pty ltd,redfish.com.au,Error,No response received from server or request timed out
acis services,,Error,Empty or invalid URL
totally frameless,totallyframeless.com.au,WordPress,Detected WordPress markers
vector 5 pty ltd,vector5.com.au,Error,No response received from server or request timed out
winwise consulting pty ltd,winwiseconsulting.com.au,WordPress,Detected WordPress markers
serity,serity.com.au,WordPress,Detected WordPress markers
organiseco.,organiseco.com.au,Unknown,No CMS markers found
data mastery,datamastery.ai,Unknown,No CMS markers found
heron painting pty ltd,heron-painting-pty-ltd.business.site,Error,HTTP 404 - Not Found
perdata,perdata.com.au,Unknown,No CMS markers found
the venture home hub,theventurehomehub.com.au,Unknown,No CMS markers found
innovative stainless steel designs,issd.com.au,WordPress,Detected WordPress markers
building south west,buildingsouthwest.com.au,Error,No response received from server or request timed out
survey 1st group,survey1st.com,Wix,Detected Wix markers
paragon scaffolding services pty ltd,paragonscaffolding.com.au,Unknown,No CMS markers found
novatrend electrical,novatrendelectrical.com.au,WordPress,Detected WordPress markers
ccjs,ccjs.com.au,Error,HTTP 403 - Forbidden
wpl civil pty ltd,wplcivil.com,Unknown,No CMS markers found
anglia building surveying limited,angliasurveyors.com,Unknown,No CMS markers found
built with digital,builtwithdigital.com,Unknown,No CMS markers found
mcelroy plumbing,mcelroyplumbing.com.au,Error,No response received from server or request timed out
databee business systems,databee.com.au,WordPress,Detected WordPress markers
arnfield computer services,arnfieldcomputerservices.com,Error,No response received from server or request timed out
oxtek concrete solutions,oxtekcs.com,Error,No response received from server or request timed out
debonair landscaping,debonair.com.au,Error,HTTP 403 - Forbidden
dyn it solutions,,Error,Empty or invalid URL
a c power electrical,,Error,Empty or invalid URL
homes brisbane north and bayside,,Error,Empty or invalid URL
hsm it solutions,hsmit.com.au,WordPress,Detected WordPress markers
bespoke outdoor,bespokeoutdoor.com.au,Error,No response received from server or request timed out
complete drainage services pty ltd,complete-drainage-excavation-services-pty.business.site,Error,HTTP 404 - Not Found
beartree it,beartreeit.com.au,Error,No response received from server or request timed out
practical wing chun,practicalwingchun.com.au,Error,HTTP 404 - Not Found
comet computer systems,cometcomputers.com.au,Error,No response received from server or request timed out
all good services pty ltd,allgoodonline.com.au,Error,No response received from server or request timed out
men behaving handy,menbehavinghandy.com.au,WordPress,Detected WordPress markers
leandata.io,leandata.io,Unknown,No CMS markers found
nsn solutions australia,nsnsolutions.com.au,Unknown,No CMS markers found
canberra outdoor,canberraoutdoorstructures.com.au,Unknown,No CMS markers found
cnc building professionals,cncbuilding.com.au,WordPress,Detected WordPress markers
tile right,tileright.com.au,WordPress,Detected WordPress markers
2020 insight pty ltd,2020insight.com.au,Unknown,No CMS markers found
gh painting & decorating,gh-painting-decorating.business.site,Error,HTTP 404 - Not Found
eastern building group,easternbuildgroup.com.au,Unknown,No CMS markers found
kdj electrical,kdjelectrical.com.au,Error,No response received from server or request timed out
sheds one,shedsone.com.au,WordPress,Detected WordPress markers
shape australia,shape.com.au,WordPress,Detected WordPress markers
localteam australia,localteam.com.au,WordPress,Detected WordPress markers
fx digital,website-designs.com,WordPress,Detected WordPress markers
craftbuilt kitchens,wwwcraftbuilt.com.au,Error,No response received from server or request timed out
garden karma,gardenkarma.com.au,Error,No response received from server or request timed out
block inc,blockinc.org,Unknown,No CMS markers found
jup homes,juphomes.com.au,Unknown,No CMS markers found
h.troon,htroon.com.au,Wix,Detected Wix markers
halanson earthmoving,halansonearthmoving.com.au,Error,HTTP 403 - Forbidden
unisoncg pty ltd,unisoncg.com.au,WordPress,Detected WordPress markers
mahoni group,mahoni.co,Error,HTTP 403 - Forbidden
panoceanic,panoceanic.com.au,WordPress,Detected WordPress markers
good satoshi,goodsatoshi.com,Unknown,No CMS markers found
glenoak homes,glenoak.com.au,WordPress,Detected WordPress markers
clockon australia,clockon.com.au,Unknown,No CMS markers found
affordable garage doors,affordablegaragedoors.com.au,Wix,Detected Wix markers
australian inspection association,allclearinspect.com.au,Unknown,No CMS markers found
heazlewood homes,heazlewoodhomes.com.au,Unknown,No CMS markers found
maaken,maaken.com.au,WordPress,Detected WordPress markers
omnivision technology solutions,ovts.com.au,WordPress,Detected WordPress markers
punters360 pty ltd,punters360.com,Error,No response received from server or request timed out
advantage pcb pty ltd,advantagepcb.com,WordPress,Detected WordPress markers
mcgahan building contractors,mcgahanbuildingcontractors.com.au,Error,HTTP 403 - Forbidden
rcon shopfitters & construction,rconshopfitters.com.au,Error,No response received from server or request timed out
young community transport,youngcommunitytransport.org.au,Error,No response received from server or request timed out
chomp excavation & demolition pty ltd,,Error,Empty or invalid URL
g.h.c group,ghcgroup.com.au,Unknown,No CMS markers found
quadmac solutions,,Error,Empty or invalid URL
dynamic engineering & maintenance pty ltd,dynamiceng.net.au,Unknown,No CMS markers found
australasian leukodystrophy foundation,australasianleukodystrophyfoundation.com,Error,No response received from server or request timed out
anderson morgan,andersonmorgan.com.au,Error,No response received from server or request timed out
gilmour project management ltd,,Error,Empty or invalid URL
bpr solutions,,Error,Empty or invalid URL
rkw constructions,,Error,Empty or invalid URL
myers electrical services,myerselectrical.com.au,Unknown,No CMS markers found
mesh design & construction,meshdc.com.au,Error,No response received from server or request timed out
robert wade builder,robertwadebuilder.com,Wix,Detected Wix markers
bakker homes,bakkerhomes.com.au,WordPress,Detected WordPress markers
a1a homes,a1ahomes.com.au,Unknown,No CMS markers found
primequip,,Error,Empty or invalid URL
devkind,devkind.com.au,Unknown,No CMS markers found
russell jones hydraulic services pty ltd,rjhs.com.au,WordPress,Detected WordPress markers
descon group australia,descongroupaustralia.com.au,Error,No response received from server or request timed out
key renovation services,keyrenos.com,Error,No response received from server or request timed out
melbourne pools,melbpools.com.au,WordPress,Detected WordPress markers
vibrato,vibrato.com.au,Error,No response received from server or request timed out
-the rk group (global),,Error,Empty or invalid URL
axle cloud,axlecloud.com.au,WordPress,Detected WordPress markers
shgseo,shgseo.com,WordPress,Detected WordPress markers
townsend building services,tbs.com.au,Unknown,No CMS markers found
capitol,capitolco.com.au,WordPress,Detected WordPress markers
proplumb,proplumb.com.au,WordPress,Detected WordPress markers
out-back portable buildings,outbackportablebuildings.com.au,WordPress,Detected WordPress markers
odk construction,odkconstruction.com.au,Unknown,No CMS markers found
outdoor leisure living patios,outdoorleisureliving.com.au,Error,HTTP 403 - Forbidden
achme communication,achme.in,Error,No response received from server or request timed out
small farm services,smallfarmservices.net.au,WordPress,Detected WordPress markers
face painting fairy,facepaintingfairy.com.au,Error,No response received from server or request timed out
bespohk,bespohk.com,Unknown,No CMS markers found
anscenter,anscenter.com,Wix,Detected Wix markers
parkia,parkia.com.au,Unknown,No CMS markers found
keilbach joinery,keilbachjoinery.com.au,Error,HTTP 403 - Forbidden
christie electrical services,,Error,Empty or invalid URL
moretto building,morettobuilding.com.au,WordPress,Detected WordPress markers
new world management,newworldmanagement.com.au,Wix,Detected Wix markers
limepoint,limepoint.com,Error,No response received from server or request timed out
proton homes pty ltd - residential construction,,Error,Empty or invalid URL
every trade,everytrade.com.au,WordPress,Detected WordPress markers
get in the cloud business solutions,getinthecloud.com.au,WordPress,Detected WordPress markers
pinoy cabinets,pinoycabinetswa.com.au,Error,No response received from server or request timed out
decode (innovation ecosystem analytics & network),,Error,Empty or invalid URL
ken fox homes,,Error,Empty or invalid URL
tyken group,tykengroup.com.au,Unknown,No CMS markers found
trionics elevators,trionics.com.au,Unknown,No CMS markers found
dit international p/l,ditintl.com,Error,No response received from server or request timed out
kiama air conditioning,kiamaairconditioning.com.au,Error,HTTP 403 - Forbidden
connors kitchens by design,connorskitchens.com.au,Error,No response received from server or request timed out
talon services pty ltd,talonservices.com.au,Error,HTTP 404 - Not Found
techstuff solutions,abyteofthepie.com,Unknown,No CMS markers found
moranbah it,moranbahit.com,Error,No response received from server or request timed out
wrb group,wrbgroup.com.au,WordPress,Detected WordPress markers
navigate,navigate.com.au,WordPress,Detected WordPress markers
prosafe access solutions,prosafeaccess.com.au,WordPress,Detected WordPress markers
advanced deconstruction,advanced-deconstruction.com.au,WordPress,Detected WordPress markers
klimat louvres,klimat.com.au,WordPress,Detected WordPress markers
total microsystems,totalmicrosystems.com.au,WordPress,Detected WordPress markers
rustic floors,rusticfloors.com.au,Wix,Detected Wix markers
john roberts electrical,johnrobertselectrical.weebly.com,Unknown,No CMS markers found
goldmont,,Error,Empty or invalid URL
data#3,data3.com,Error,No response received from server or request timed out
jscreative,jscreative.com.au,Error,No response received from server or request timed out
perth plastering,perthplastering.com.au,Unknown,No CMS markers found
john clayden constructions,johnclayden.com.au,WordPress,Detected WordPress markers
oaks civil construction,oakscivilconstruction.com.au,Unknown,No CMS markers found
sparkies australia,sparkiesaustralia.com.au,Error,No response received from server or request timed out
staffer,staffer.me,Error,HTTP 503 - Service Temporarily Unavailable
gettoknowit,gettoknowit.com.au,Error,No response received from server or request timed out
excel strata managers,excelstrata.com.au,Unknown,No CMS markers found
truck cranes australia,truckcranes.com.au,Unknown,No CMS markers found
gavron projects pty ltd.,gavron.com.au,Unknown,No CMS markers found
colonial tuckpointing,colonialtuckpointing.com.au,WordPress,Detected WordPress markers
burdekin haulage civil,burdekinhaulagecivil.com,Error,HTTP 404 - Not Found
9spheres technologies,9spheres.com.au,WordPress,Detected WordPress markers
fidato coatings,,Error,Empty or invalid URL
cloud in a teacup,,Error,Empty or invalid URL
soliman bros pty ltd,solimanbros.com.au,Error,No response received from server or request timed out
bill claridge painting,billclaridgepainting.com,Unknown,No CMS markers found
grh plumbing group,grhplumbinggroup.com,Unknown,No CMS markers found
noisebox integrated technologies,noisebox.com.au,WordPress,Detected WordPress markers
response civil machinery and equipment hire,responsehire.com.au,WordPress,Detected WordPress markers
your forever home nsw,yourforeverhomensw.com.au,WordPress,Detected WordPress markers
prp aust pty ltd,prpaust.com.au,WordPress,Detected WordPress markers
styck software,styck.com.au,WordPress,Detected WordPress markers
blue manor roof restorations,bluemanorroofrestorations.com.au,WordPress,Detected WordPress markers
solutions in engineering,solutionsinengineering.com,WordPress,Detected WordPress markers
modern work group,modernworksolutions.com.au,Unknown,No CMS markers found
aatec office technology,photocopiersherveybay.com.au,Joomla,Detected Joomla markers
coolcare heating & cooling pty ltd,coolcare.com.au,WordPress,Detected WordPress markers
apg web studios,apgwebstudios.com.au,WordPress,Detected WordPress markers
kidsafe pool fencing,kidsafepoolfencing.com.au,Error,No response received from server or request timed out
paint melbourne,paintmelbourne.com,WordPress,Detected WordPress markers
refloor floor sanding & polishing,refloorfloorsanding.com.au,WordPress,Detected WordPress markers
pan civil,pancivil.com.au,Unknown,No CMS markers found
aube projects,aubeprojects.com.au,Unknown,No CMS markers found
brian blakeman surveys,brianblakemansurveys.com.au,Error,No response received from server or request timed out
michael hatton landscapes,michaelhattonlandscapes.com.au,Error,No response received from server or request timed out
1800 computers,1800computers.com.au,WordPress,Detected WordPress markers
clark homes pty ltd,clarkhomes.com.au,WordPress,Detected WordPress markers
ystc energy,,Error,Empty or invalid URL
ministry of data hq,ministryofdata.org.au,WordPress,Detected WordPress markers
buildup constructions,buildupconstructions.com.au,WordPress,Detected WordPress markers
new england plumbing services,newenglandplumbingservices.com.au,Error,No response received from server or request timed out
brisbane roof,brisbaneroofrestorations.net.au,WordPress,Detected WordPress markers
solar city office equipment,solarcity.com.au,WordPress,Detected WordPress markers
bayshore building surveying,,Error,Empty or invalid URL
acuval,acuval.com.au,WordPress,Detected WordPress markers
international computer services pty ltd,,Error,Empty or invalid URL
orange bridge construction,obconstruction.com.au,Error,No response received from server or request timed out
grandstruct,grandstruct.com.au,WordPress,Detected WordPress markers
i.t. three pty ltd,it3.net.au,WordPress,Detected WordPress markers
hennsol technologies,,Error,Empty or invalid URL
kuse human solutions,,Error,Empty or invalid URL
nerang bolts & nuts,boltsnuts.com.au,WordPress,Detected WordPress markers
dynamic flooring australia pty limited,,Error,Empty or invalid URL
teamfactory.io,teamfactory.io,Unknown,No CMS markers found
toggen,toggen.com.au,WordPress,Detected WordPress markers
parotel,parotel.com,Error,No response received from server or request timed out
mmp projects,mmpprojects.com.au,Unknown,No CMS markers found
doogle.xyz,doogle.xyz,Unknown,No CMS markers found
fabrikon constructions,fabrikon.com.au,Error,No response received from server or request timed out
clicking tech,clickingtech.com.au,Unknown,No CMS markers found
lotus,,Error,Empty or invalid URL
southern queensland land rehabilition group (sqlrg),sqlrg.org,WordPress,Detected WordPress markers
tooltime construction pty ltd,tooltime.net.au,Unknown,No CMS markers found
seapointe homes,seapointehomes.com.au,Error,HTTP 403 - Forbidden
buffalo built,buffalobuilt.com.au,WordPress,Detected WordPress markers
hawk cfc,,Error,Empty or invalid URL
vantage business systems,vbs-vantage.com,Error,No response received from server or request timed out
perth telecommunications,perthtelecoms.com.au,Error,No response received from server or request timed out
preterion pty ltd,preterion.com,Unknown,No CMS markers found
allcoast group,allcoastdemolition.com.au,Error,No response received from server or request timed out
lewis homes,gjlewis.com.au,Error,No response received from server or request timed out
ogc,obeid-group.com.au,Unknown,No CMS markers found
aj blunt painting,ajbluntpaint.com.au,Webflow,Detected Webflow markers
cmx group,cmxgroup.com.au,Error,No response received from server or request timed out
mycomparer,mycomparer.net,Error,HTTP 404 - Not Found
adept projects,,Error,Empty or invalid URL
wareplumbing,wareplumbing.com.au,Error,No response received from server or request timed out
alborz caoting,alborzcoating.com.au,WordPress,Detected WordPress markers
top shelf joinery,topshelfjoinery.com.au,Wix,Detected Wix markers
insight call centre services,insightccs.com.au,Unknown,No CMS markers found
bsgm consulting building surveyors,bsgm.com.au,WordPress,Detected WordPress markers
hero - plumbing | heating | cooling,heroplumbing.com.au,WordPress,Detected WordPress markers
dei one projects,deione.com.au,Unknown,No CMS markers found
jmj homes,jmjhomes.com.au,WordPress,Detected WordPress markers
exactus homes,exactus.com.au,WordPress,Detected WordPress markers
simpson fuel supplies,,Error,Empty or invalid URL
tonkin group,tonkinplumbing.com.au,Unknown,No CMS markers found
the prime group australia,primeprojects.net.au,WordPress,Detected WordPress markers
digital health promotion,healthpromotion.digital,Error,No response received from server or request timed out
custom presentation systems,custompresentations.com.au,WordPress,Detected WordPress markers
tlc it group,tlcmsp.com.au,Error,No response received from server or request timed out
beaumont air,beaumontair.com,Error,No response received from server or request timed out
lascaris kitchens ptyltd,lascariskitchens.com.au,WordPress,Detected WordPress markers
mg design & building,mgdesignandbuilding.com.au,Error,HTTP 404 - Not Found
ùóúùóªùó∞ùóºùóªùó∫ùóÆùòÅ,inconmat.com.au,Error,HTTP 503 - Service Temporarily Unavailable
lansen consulting pty ltd,lansen.com.au,Error,No response received from server or request timed out
invision plumbing & gas specialists,invisionplumbingandgas.com.au,WordPress,Detected WordPress markers
klj electrical services,kljelectrical.com.au,WordPress,Detected WordPress markers
albion glass & mirror co. pty.,,Error,Empty or invalid URL
montage construction,montageconstruction.com.au,WordPress,Detected WordPress markers
medispace australia,medispace.com.au,Error,No response received from server or request timed out
mid coast painters,midcoastpainters.com.au,WordPress,Detected WordPress markers
young minds australia,youngmindsaustralia.com.au,WordPress,Detected WordPress markers
ibuild office,ibuildoffice.com.au,WordPress,Detected WordPress markers
get started forms,getstartedforms.com.au,WordPress,Detected WordPress markers
discoverly,discoverly.com.au,WordPress,Detected WordPress markers
pmb plumbing,pmbplumbing.com.au,Error,No response received from server or request timed out
guz box design + audio,guzbox.com.au,WordPress,Detected WordPress markers
colo digital,colo-digital.com.au,Error,No response received from server or request timed out
adko plumbing,,Error,Empty or invalid URL
divine reblocking,divinereblocking.business.site,Error,HTTP 404 - Not Found
prosperity tech,prosperitytech.solutions,WordPress,Detected WordPress markers
kxit,kxit.com.au,Error,No response received from server or request timed out
melbourne oak floors,melbourneoakfloors.com.au,WordPress,Detected WordPress markers
pmgs digital,pmgs.com.au,Error,No response received from server or request timed out
colleagues matrixx,colleaguesmatrixx.com.au,Unknown,No CMS markers found
surf coast underpinning,surfcoastunderpinning.com.au,Error,No response received from server or request timed out
krg computer services,krgservices.com.au,WordPress,Detected WordPress markers
4thportal,4thportal.io,Unknown,No CMS markers found
home finishes,homefinishes.com.au,Error,No response received from server or request timed out
qoia,qoia.ai,Error,No response received from server or request timed out
coastal it support,coastalit.com.au,Error,No response received from server or request timed out
distributed technologies institute pty. ltd.,dt.institute,Unknown,No CMS markers found
redlaunch,redlaunch.com.au,Unknown,No CMS markers found
aluminium fencing connections,aluminiumfencingconnections.com.au,Error,No response received from server or request timed out
le hope refurbishments ltd,,Error,Empty or invalid URL
melbourne tiles,melbournetiles.com.au,Error,No response received from server or request timed out
azzbright electrical,azzbrightelectrical.com.au,WordPress,Detected WordPress markers
langham technology and logistics,langhams.com.au,Error,HTTP 403 - Forbidden
bede electrical solutions,bedeelectricalsolutions.com,Error,No response received from server or request timed out
ai consulting,aiconsulting.com.au,Unknown,No CMS markers found
itechrepair,itechrepair.com.au,WordPress,Detected WordPress markers
ezali pty ltd,ezali.com.au,Error,HTTP 403 - Forbidden
small change design & construction,smallchangedesign.com.au,Error,No response received from server or request timed out
hardy associates limited,,Error,Empty or invalid URL
blubay group,blubaygroup.com.au,Error,No response received from server or request timed out
halo energy pty ltd,halo-e.com.au,Unknown,No CMS markers found
hack.sydney,hack.sydney,Wix,Detected Wix markers
omnify x,omnifyx.com,WordPress,Detected WordPress markers
kewlaps securities pty ltd,kewlaps.com,Unknown,No CMS markers found
the energy agency,energyagencyjobs.com,Error,No response received from server or request timed out
safe t roof,,Error,Empty or invalid URL
lennox aquatic,lennoxaquatic.com,WordPress,Detected WordPress markers
drill it group pty ltd,,Error,Empty or invalid URL
eureka ict,eurekaict.com.au,Error,No response received from server or request timed out
narona homes,naronahomes.com.au,Unknown,No CMS markers found
abstract plumbing services,abstractplumbingservices.com.au,Unknown,No CMS markers found
chandolin construction,chandolinconstruction.com,Error,HTTP 403 - Forbidden
hills computing & training services,hcts.net.au,Error,No response received from server or request timed out
tiny solar homes,tinysolarhomes.com.au,Unknown,No CMS markers found
rodriguez tiling,rodrigueztiling.com.au,Unknown,No CMS markers found
astapor studios,,Error,Empty or invalid URL
pacific frames and trusses,pacificframesandtrusses.com.au,WordPress,Detected WordPress markers
mr computer guy,mistercomputerguy.com,Error,No response received from server or request timed out
auscool contractors,auscool.com.au,Error,No response received from server or request timed out
avanti projects,avantiprojects.com.au,WordPress,Detected WordPress markers
welcome to aarrans timber flooring,aarranstimberflooring.com.au,WordPress,Detected WordPress markers
dynamic it solutions australia,dynamit.com.au,WordPress,Detected WordPress markers
laurie smale,panicfreepublicspeaking.com.au,Error,No response received from server or request timed out
icebloq¬Æ,icebloq.com,Unknown,No CMS markers found
inext systems,inextsystems.com.au,Error,No response received from server or request timed out
informatics pty ltd - transform your business,informatics.com.au,Unknown,No CMS markers found
advanced recruitments,advancedrecruitments.com.au,Error,No response received from server or request timed out
pisa concrete,pisaconcrete.com.au,WordPress,Detected WordPress markers
homeon,homeon.com.au,Unknown,No CMS markers found
smlxl projects,smlxlprojects.com.au,Unknown,No CMS markers found
diverse gazebos and decks,diversegazebos.com.au,WordPress,Detected WordPress markers
blindcraft,blindcraft.com.au,Unknown,No CMS markers found
evison little p/l,,Error,Empty or invalid URL
flower photography,flowerphotography.com.au,Error,No response received from server or request timed out
newcastle computer training,newcastlecomputertraining.com.au,WordPress,Detected WordPress markers
precise painting services,,Error,Empty or invalid URL
on-country pathways,on-countrypathways.com.au,WordPress,Detected WordPress markers
just hair extensions,justhairextensions.com.au,Error,No response received from server or request timed out
charge rite electrical,chargerite.com.au,WordPress,Detected WordPress markers
datachef australia,datachef.com.au,Unknown,No CMS markers found
arnacare,arnacare.com.au,Error,HTTP 403 - Forbidden
redline electrical,redlineelectrical.com.au,Error,HTTP 409 - Conflict
kmac computers,kmaccomputers.com.au,Unknown,No CMS markers found
innovative applications,innoapps.com.au,Unknown,No CMS markers found
connectra building & developments,connectrabuild.com.au,Error,HTTP 403 - Forbidden
virtual engineering tech,virtualengineering.tech,Error,No response received from server or request timed out
oz facilities services,ozfacilities.net.au,Unknown,No CMS markers found
at puckle,atpuckle.com.au,WordPress,Detected WordPress markers
crystals cooking creations,crystalscookingcreations.com,Error,No response received from server or request timed out
audacix,audacix.com,Unknown,No CMS markers found
agp enterprises,agpenterprises.com.au,WordPress,Detected WordPress markers
gellibn,gellibn.com,Unknown,No CMS markers found
niiliin,niiliin.com,Shopify,Detected Shopify markers
vizion future,vizionfuture.com,Unknown,No CMS markers found
cubed digital media,cubeddigital.com,Unknown,No CMS markers found
maven ea consulting,mavenea.tech,Unknown,No CMS markers found
my roofing co,myroofingco.com.au,Unknown,No CMS markers found
oceananalytics,,Error,Empty or invalid URL
qld green enterprises pty ltd,qldgreenenterprises.com.au,Unknown,No CMS markers found
jts group,jtsgroup.com.au,WordPress,Detected WordPress markers
alucom,alucom.com.au,Error,HTTP 403 - Forbidden
nowcloud,nowcloud.com.au,WordPress,Detected WordPress markers
wp design host,wpdesignhost.com.au,WordPress,Detected WordPress markers
e connection pty ltd,econnection.com.au,Unknown,No CMS markers found
malin constructions,malinconstructions.com.au,WordPress,Detected WordPress markers
icon group construction and interiors,icongroup.info,Unknown,No CMS markers found
coral coast oceaneering,coralcoastoceaneering.com.au,Unknown,No CMS markers found
ovoc solutions,ovocsolutions.com.au,Joomla,Detected Joomla markers
dezigncorp,dezign.com.au,Unknown,No CMS markers found
game on management,gameonmanagement.com,Error,No response received from server or request timed out
netswitch,,Error,Empty or invalid URL
sum8,,Error,Empty or invalid URL
serfloor australia,serfloor.com.au,Error,No response received from server or request timed out
d&d group - traffic management,dd-group.com.au,WordPress,Detected WordPress markers
builtcon group,builtcongroup.com.au,Error,No response received from server or request timed out
mpm solutions,mpmsolutions.net,Error,No response received from server or request timed out
picnet pty ltd - it services,picnet.com.au,Unknown,No CMS markers found
wireless data solutions,wirelessdata.com.au,Error,HTTP 500 - Internal Server Error
anton seng plumbing pty ltd,antonsengplumbing.com.au,Error,No response received from server or request timed out
the mcq group,mcqld.com.au,Error,No response received from server or request timed out
integranet group,,Error,Empty or invalid URL
brief access,briefaccess.com.au,WordPress,Detected WordPress markers
marleston pty ltd,marlestonsa.com,Error,No response received from server or request timed out
gsl survey,gslsurvey.com,Unknown,No CMS markers found
jp cabinets,jpcabinets.com.au,WordPress,Detected WordPress markers
dimona constructions pty ltd,dimona.com.au,WordPress,Detected WordPress markers
rinami,rinami.com,Unknown,No CMS markers found
yonder pty ltd,yonder.com.au,WordPress,Detected WordPress markers
empire west electrical,empirewestelectrical.com.au,Unknown,No CMS markers found
rafael's painting & maintenance,rafaels-painting-maintenance-pty-ltd.business.site,Error,HTTP 404 - Not Found
jurovich surveying,jurovichsurveying.com.au,WordPress,Detected WordPress markers
bayuca,bayuca.com.au,Unknown,No CMS markers found
draytec electrical services,draytec.com.au,Error,No response received from server or request timed out
endless construction group,ecg.builders,Error,HTTP 404 - Not Found
bunji australia pty ltd,bunjiaustralia.com.au,Wix,Detected Wix markers
the days,thedays.com.au,Unknown,No CMS markers found
strategyfi,strategyfi.com,Error,No response received from server or request timed out
west maintain,westmaintain.com.au,WordPress,Detected WordPress markers
data sagacity,datasagacity.com.au,WordPress,Detected WordPress markers
pcb contractors pty ltd,pcbcontractors.com,WordPress,Detected WordPress markers
cei group pty ltd,,Error,Empty or invalid URL
indivia international pty ltd,indivia.com.au,Wix,Detected Wix markers
imp building group,impbuildinggroup.com.au,WordPress,Detected WordPress markers
north shore cabling,,Error,Empty or invalid URL
frameworks carpentry,frameworkscarpentry.com.au,Error,No response received from server or request timed out
all trenching and boring services pty,atbservices.com.au,WordPress,Detected WordPress markers
proto property,protoproperty.com.au,Error,No response received from server or request timed out
ucit pty ltd,ucit.com.au,WordPress,Detected WordPress markers
rock solid stonework,rocksolidstonework.com.au,WordPress,Detected WordPress markers
kostas constructions,kostasconstructions.com.au,Unknown,No CMS markers found
lilojo electrical solutions pty ltd,lilojosolar.com.au,Unknown,No CMS markers found
national certifiers pty ltd,nationalcertifiers.com.au,Unknown,No CMS markers found
sunray comfort heating pty ltd,sunraycomfort.com.au,WordPress,Detected WordPress markers
nacap pty ltd,nacap.com.au,WordPress,Detected WordPress markers
kallfly pty ltd,kallfly.com,Error,No response received from server or request timed out
axiom technologies,axiomtechnologies.com,WordPress,Detected WordPress markers
lester franks survey & geographic pty ltd.,,Error,Empty or invalid URL
vividgreen landscapes,vividgreenlandscapes.com.au,Webflow,Detected Webflow markers
charlton homes,charltonhomes.com.au,Unknown,No CMS markers found
sans paper,sanspaper.com,WordPress,Detected WordPress markers
pipeworks market,pipeworks.com.au,Error,No response received from server or request timed out
avata,avata.com.au,Unknown,No CMS markers found
cascorporation,cascorporation.com.au,WordPress,Detected WordPress markers
jp electrical contractors pty ltd,jpec.com.au,Error,No response received from server or request timed out
interface constructions,interfaceconstructions.com.au,Error,No response received from server or request timed out
ese-solatec outdoor living,solatec.com.au,Error,No response received from server or request timed out
probedrill pty ltd,probedrill.com.au,Error,HTTP 403 - Forbidden
homes 4 living,homes4living.com.au,Error,No response received from server or request timed out
talent torrent‚Ñ¢,talenttorrent.com,Error,No response received from server or request timed out
australian mining construction operations (amco),amcol.com.au,Error,No response received from server or request timed out
gt business solutions,gtbusiness.com.au,Error,No response received from server or request timed out
access studio,,Error,Empty or invalid URL
seq drilling,seqdrilling.com.au,Unknown,No CMS markers found
vic truss,victruss.com,Unknown,No CMS markers found
plumbing perfection,plumbingperfection.com,Error,No response received from server or request timed out
q4 electrical and communications,q4ec.com.au,WordPress,Detected WordPress markers
carbonlite,carbonlite.com.au,Error,HTTP 307 - Temporary Redirect
kneetly pty ltd,kneetly.com,Error,No response received from server or request timed out
credit sense australia,creditsense.com.au,WordPress,Detected WordPress markers
quality bathroom renovations and builders.,qualityrenovations.com.au,WordPress,Detected WordPress markers
centinell,centinell.com,WordPress,Detected WordPress markers
hype id,hypeid.com,Error,HTTP 421 - Misdirected Request
gold coast earthmoving,,Error,Empty or invalid URL
securelogic solutions,securelogic.com.au,WordPress,Detected WordPress markers
cadifern civil,cadifern.com.au,WordPress,Detected WordPress markers
dccs australia,dccs.com.au,Unknown,No CMS markers found
deluxe stone,deluxestone.com.au,Shopify,Detected Shopify markers
nand homes,nandhomes.com.au,Error,No response received from server or request timed out
dazztek computers,,Error,Empty or invalid URL
ceasefire applications pty ltd,ceasefireapplications.com.au,Error,No response received from server or request timed out
stylish extensions,stylishextensions.com.au,Error,No response received from server or request timed out
neat ideas pty ltd,neatideas.com.au,WordPress,Detected WordPress markers
vts it qld,,Error,Empty or invalid URL
gravity hydraulic solutions pty ltd,gravityhydraulics.com,WordPress,Detected WordPress markers
over the horizon technology,overthehorizontechnology.com.au,Unknown,No CMS markers found
provested,provested.com.au,Wix,Detected Wix markers
australian capital digital cloud pty ltd,auscapdc.com,Error,No response received from server or request timed out
sapphire painting,sapphirepainting.com.au,Unknown,No CMS markers found
rft painting,rftpainting.net,Error,No response received from server or request timed out
onshore electrical solutions,onshoreelectricalsolutions.com.au,Error,No response received from server or request timed out
prospect plumbing,prospectplumbing.com.au,Error,No response received from server or request timed out
green power consulting,greenpowerconsulting.com.au,Error,No response received from server or request timed out
jewel space,jewelspace.com.au,Error,No response received from server or request timed out
techknack it,techknackit.com.au,Error,No response received from server or request timed out
planmate,planmate.com.au,Unknown,No CMS markers found
enviromy pty ltd,enviromy.com.au,Error,No response received from server or request timed out
haztime,haztime.com,Error,No response received from server or request timed out
rozult pty,rozult.com,Unknown,No CMS markers found
longship engineering,longshipengineering.com.au,Unknown,No CMS markers found
ligatech consulting,ligatech.com.au,Unknown,No CMS markers found
one-systems australia - business it solutions,onesystems.net.au,Wix,Detected Wix markers
matt turner qs services,mattqs.com.au,WordPress,Detected WordPress markers
eureka villages,eurekavillages.com.au,WordPress,Detected WordPress markers
go click on,goclickon.com.au,WordPress,Detected WordPress markers
paul spence constructions,paulspenceconstructions.com.au,Error,No response received from server or request timed out
grove aust pty ltd,,Error,Empty or invalid URL
madden & associates quantity surveyors,maddenqs.com.au,Unknown,No CMS markers found
coreworx,coreworxcontracting.com.au,WordPress,Detected WordPress markers
akn consultancy ltd,,Error,Empty or invalid URL
corsence pty ltd,corsence.com,Wix,Detected Wix markers
reozone,reozone.com.au,WordPress,Detected WordPress markers
rock walls melbourne,rockwallsmelbourne.com.au,WordPress,Detected WordPress markers
13text ltd,13text.com.au,Error,No response received from server or request timed out
m.n renovation group pty ltd,mnbathroom.com.au,Unknown,No CMS markers found
asbuilt analytics,asbuiltanalytics.com.au,Unknown,No CMS markers found
teqniko pty ltd,teqniko.com.au,Error,No response received from server or request timed out
barrier reef leisure pools,brlp.com.au,Unknown,No CMS markers found
premium glass wa,premiumglasspoolfencing.com.au,WordPress,Detected WordPress markers
construct perth,perthindustrialconstruction.com.au,Error,No response received from server or request timed out
neil waldron building designs,neilwaldronbuildingdesigns.com.au,Error,No response received from server or request timed out
becode australia,becode.com.au,Unknown,No CMS markers found
dimark corp ltd,dimarkcorp.com,Error,No response received from server or request timed out
versatile interior projects,versatileinteriorprojects.com.au,Error,HTTP 404 - Not Found
computer components pty ltd,computercomponents.net.au,Error,No response received from server or request timed out
red yak,redyak.com.au,Error,No response received from server or request timed out
finetix au,finetix.com.au,Error,No response received from server or request timed out
big river computers,bigrivercomputers.com.au,Error,No response received from server or request timed out
smart cities council - asia pacific,,Error,Empty or invalid URL
boutique joinery,boutiquejoinery.com,WordPress,Detected WordPress markers
aspen cabinets,aspencabinets.com.au,WordPress,Detected WordPress markers
aus data heroes,ausdataheroes.com.au,Unknown,No CMS markers found
avaganda!,avaganda.com.au,Error,No response received from server or request timed out
ember constructions,emberconstructions.com.au,Error,No response received from server or request timed out
publische,publische.com,Error,No response received from server or request timed out
dimtek electrical services,dimtekelectrical.com,Error,HTTP 404 - Not Found
greyton australia,greyton.com.au,WordPress,Detected WordPress markers
ross clark constructions,ross-clark-constructions.business.site,Error,HTTP 404 - Not Found
innovative kitchens,innovativekitchens.com.au,WordPress,Detected WordPress markers
aldridge all seasons waterproofing,aswaterproofing.com.au,WordPress,Detected WordPress markers
ajm commercial interiors,ajminteriors.com,WordPress,Detected WordPress markers
anvil creative,anvilcreative.com,Error,No response received from server or request timed out
byteheart,byteheart.com,Unknown,No CMS markers found
regal information technology,regal-it.com.au,Error,No response received from server or request timed out
ignia,ignia.com.au,Error,No response received from server or request timed out
kubowicz builders,jkbuilders.com.au,Joomla,Detected Joomla markers
j g king projects,,Error,Empty or invalid URL
itcians,itcians.com.au,Unknown,No CMS markers found
huxxer corporation,huxxer.com,Error,No response received from server or request timed out
ballard plumbing services,ballardplumbingservices.com.au,Error,No response received from server or request timed out
de jong hoists,,Error,Empty or invalid URL
power on lighting,,Error,Empty or invalid URL
all shape pools,allshapepools.com.au,Error,No response received from server or request timed out
switchcase,switchcase.com.au,Error,HTTP 503 - Service Temporarily Unavailable
faculty of environmental sciences,,Error,Empty or invalid URL
gna solutions pty. ltd. t/a,,Error,Empty or invalid URL
batich computer services,batich.com,Unknown,No CMS markers found
timber staircases,timberstaircases.net.au,WordPress,Detected WordPress markers
seek digital solutions,seekdigital.com.au,Unknown,No CMS markers found
jn steel consultants,jnsc.com.au,Unknown,No CMS markers found
kangaroo roofing,kangarooroofing.com,Wix,Detected Wix markers
dlc electrical solutions,dlces.com.au,Unknown,No CMS markers found
wd surveys,wdsurveys.com.au,Unknown,No CMS markers found
book a site,,Error,Empty or invalid URL
sliding door repairs,slideasy.com.au,WordPress,Detected WordPress markers
healthmatics pty ltd,healthmatics.com.au,WordPress,Detected WordPress markers
3020 surveys,3020surveys.com.au,WordPress,Detected WordPress markers
ozedi,ozedi.com.au,WordPress,Detected WordPress markers
interface solutions pty ltd,interface-solutions.com.au,Error,No response received from server or request timed out
lorvon,lorvon.com.au,Error,No response received from server or request timed out
inherent solutions pty ltd,,Error,Empty or invalid URL
cairns centre for drilling and well control,wellcontrol.com.au,Error,No response received from server or request timed out
portal technology,portaltechnology.com.au,Unknown,No CMS markers found
epoch analytics,epochanalytics.com,Unknown,No CMS markers found
lucidity it,lucidityit.com.au,Unknown,No CMS markers found
supercivil,supercivil.com.au,WordPress,Detected WordPress markers
axem - business transformations,axem.com.au,WordPress,Detected WordPress markers
lean construction institute,leanconstruction.org.au,Error,No response received from server or request timed out
cia concrete,ciaconcrete.com.au,Error,No response received from server or request timed out
hi-tech homes,hi-techhomes.com.au,Unknown,No CMS markers found
idc contracting pty ltd,idccontracting.com.au,Error,HTTP 404 - Not Found
acronim pty ltd.,acronim.com.au,Error,No response received from server or request timed out
civillo,civillo.com,Unknown,No CMS markers found
horizon construction services,horizoncs.com.au,WordPress,Detected WordPress markers
the sme concierge,thesmeconcierge.au,Error,No response received from server or request timed out
metadata services,metadataservices.com.au,Wix,Detected Wix markers
sydney seo experts,sydneyseoexperts.com,Error,HTTP 403 - Forbidden
airworx air conditioning,awair.com.au,WordPress,Detected WordPress markers
uplift logistics,upliftlogistics.com,WordPress,Detected WordPress markers
daita,daita.com.au,Unknown,No CMS markers found
nq excavations pty ltd,nqexcavations.com.au,Error,No response received from server or request timed out
common grove,commongrove.com.au,Wix,Detected Wix markers
aditheos solutions,intelira.tech,Error,No response received from server or request timed out
home renovation expert,homerenovationexpert.com.au,WordPress,Detected WordPress markers
cq property maintenance,cqpropertymaintenance.com.au,Error,No response received from server or request timed out
tanks for playing,tanksforplaying.io,WordPress,Detected WordPress markers
mrb creative,mrbcreative.com.au,WordPress,Detected WordPress markers
mad scientist digital,madscientist.digital,WordPress,Detected WordPress markers
positive pumping,positivepumping.com.au,Error,No response received from server or request timed out
"aisles, llc",,Error,Empty or invalid URL
sentimeant,,Error,Empty or invalid URL
divestit,divestit.com.au,Error,No response received from server or request timed out
balance consult,balanceconsult.com.au,Unknown,No CMS markers found
egarag pty ltd,egarag.com.au,Unknown,No CMS markers found
south coast site rental,southcoastsiterentals.com.au,Unknown,No CMS markers found
stone technology,stonetechnology.com.au,Error,No response received from server or request timed out
joat maintenance pty ltd,,Error,Empty or invalid URL
tas,tas.business,Error,No response received from server or request timed out
maxmine,maxmine.com.au,WordPress,Detected WordPress markers
seeeck - driving sustainability through energy efficiency | greening the future | energy innovators,seeeck.com,WordPress,Detected WordPress markers
chainlink fencing perth pty ltd,chainlinkfencingperth.com.au,WordPress,Detected WordPress markers
bluefire solutions,,Error,Empty or invalid URL
kool heat,koolheat.com.au,WordPress,Detected WordPress markers
abesque engineering & construction ltd.,,Error,Empty or invalid URL
one number group pty ltd,onenumbergroup.com.au,WordPress,Detected WordPress markers
wormall group,wormallgroup.com.au,WordPress,Detected WordPress markers
omlux,omlux.com.au,Error,HTTP 404 - Not Found
fitout ideas,fitoutideas.com.au,WordPress,Detected WordPress markers
the tech man,thetechman.com.au,Error,HTTP 404 - Not Found
maiagrazing,maiatechnology.com.au,Unknown,No CMS markers found
supernova corp,sunocorp.com.au,Unknown,No CMS markers found
south coast auto clinic,southcoastautoclinic.com.au,Error,No response received from server or request timed out
hot chilli,hotchilliqld.com.au,WordPress,Detected WordPress markers
thunder plumbing solutions,thunderplumbing.com.au,Error,No response received from server or request timed out
resco sydney roller shutters,rescosydneyrollershutters.com.au,Error,No response received from server or request timed out
all construction approvals,acapprovals.com.au,WordPress,Detected WordPress markers
morbach holdings pty ltd,morbachholdings.com,Unknown,No CMS markers found
coastal it resources,coastal-it.com.au,Error,No response received from server or request timed out
ourauto - australia | new zealand,,Error,Empty or invalid URL
solution forest pty. ltd.,solutionforest.com.au,Error,No response received from server or request timed out
ultimate floors - concrete grinding & polishing > shot blasting > floor preparation > floor coatings,ultimatefloors.com.au,WordPress,Detected WordPress markers
irental australia pty ltd,irentalaus.com.au,Error,No response received from server or request timed out
l & m trenchless pty ltd,lmtrenchless.com.au,WordPress,Detected WordPress markers
progressive people (australia) pty ltd,progressivepeople.com.au,WordPress,Detected WordPress markers
mountain reno group pty ltd,mountainreno.com.au,WordPress,Detected WordPress markers
terryfic tiles and renovations,terryfic-tiles-and-renovations.business.site,Error,HTTP 404 - Not Found
geek girl solutions,,Error,Empty or invalid URL
yve,yvegroup.com.au,Error,HTTP 403 - Forbidden
nexgen air,,Error,Empty or invalid URL
centorrino technologies,ct.com.au,Error,HTTP 403 - Forbidden
as builts victoria pty ltd,asbuiltdrafting.com.au,Error,No response received from server or request timed out
civilspec resources,civilspecresources.com,Webflow,Detected Webflow markers
terrecom pty ltd,terrecom.net.au,WordPress,Detected WordPress markers
good painters melbourne pty.ltd,,Error,Empty or invalid URL
kaito group,kaitogroup.com.au,Error,No response received from server or request timed out
hurst constructions qld,hurstconstructionsqld.com.au,WordPress,Detected WordPress markers
br demolition,br-demolition.com.au,WordPress,Detected WordPress markers
d.k.wood carpentry,dkwcarpentry.business.site,Error,HTTP 404 - Not Found
our corner,ourcorner.com.au,Unknown,No CMS markers found
flexigroup,flexigroup.com,Unknown,No CMS markers found
twny pty ltd,twny.com.au,Error,No response received from server or request timed out
tcm construction group p/l,tcmconstructiongroup.com.au,WordPress,Detected WordPress markers
silicon beach computers,siliconbeach.com.au,WordPress,Detected WordPress markers
stratacore drilling pty ltd,stratacoredrilling.com.au,WordPress,Detected WordPress markers
njb electrical services,njbelectrical.com.au,WordPress,Detected WordPress markers
n-vision digital solutions,n-vision.com.au,Error,No response received from server or request timed out
allsound plumbing and gas,allsoundplumbinggas.com,Wix,Detected Wix markers
cordukes limited,,Error,Empty or invalid URL
acquaco design,acquaco.com.au,WordPress,Detected WordPress markers
innovix,innovix.com.au,Unknown,No CMS markers found
bugwolf - rapid user testing,bugwolf.com,Wix,Detected Wix markers
jocon (sa) pty ltd,jocon.com.au,WordPress,Detected WordPress markers
moqdigital,moqdigital.com.au,Error,No response received from server or request timed out
andvic projects,andvic.com.au,Unknown,No CMS markers found
digital gold assets(dga),dga.gold,Error,No response received from server or request timed out
next edge pty ltd,nextedgegroup.com.au,Unknown,No CMS markers found
defaus - design engineering fabrication australia,defaus.com.au,Unknown,No CMS markers found
3d scaffolding,3dscaffolding.com.au,Error,HTTP 503 - Service Unavailable
james construction queensland,jcqld.com.au,Unknown,No CMS markers found
onn guard,onnguard.com.au,Error,HTTP 403 - Forbidden
shedboss albury,shedbossalbury.com.au,Error,No response received from server or request timed out
boston systems,bostonsystems.com.au,WordPress,Detected WordPress markers
sydney emergency plumbing,sydneyemergencyplumbing.com.au,WordPress,Detected WordPress markers
gamlin roofing,gamlinroofing.com.au,Error,No response received from server or request timed out
qpams pty ltd,qpams.com.au,Error,No response received from server or request timed out
benk open systems,benknet.com,Error,No response received from server or request timed out
nos masonry bricklaying,nosmasonrybricklaying.com.au,Error,No response received from server or request timed out
crown pools and spas,crownpools.com.au,Unknown,No CMS markers found
signtec visual solutions,signtec.com.au,Error,HTTP 403 - Forbidden
atkins electricians,atkinselectricians.com.au,WordPress,Detected WordPress markers
aircon piping installations,airconpiping.com.au,Error,No response received from server or request timed out
geeks 365,geeks365.com.au,Error,HTTP 403 - Forbidden
apex catalyst,apexcatalyst.com.au,Unknown,No CMS markers found
brightminds technology,bmtech.net.au,Error,No response received from server or request timed out
techarmour,techarmor.au,Error,No response received from server or request timed out
capital construction & refurbishing pty ltd,capitalconstruct.com.au,WordPress,Detected WordPress markers
at consulting and solutions,atcs.net.au,Error,HTTP 404 - Not Found
design shutters,designshutters.com.au,Error,No response received from server or request timed out
diverse project group,diverseprojectgroup.com.au,Unknown,No CMS markers found
top notch stones,topnotchstones.com.au,Error,No response received from server or request timed out
pps hairwear australia pty ltd,ppshairwear.com.au,Unknown,No CMS markers found
eserve consulting,eserveconsulting.com.au,WordPress,Detected WordPress markers
tandem building group,tandembuilding.com.au,WordPress,Detected WordPress markers
qcivil,qcivil.com.au,Unknown,No CMS markers found
jml flooring & home solutions,jmlfloors.com.au,WordPress,Detected WordPress markers
warbreccan engineering,,Error,Empty or invalid URL
document management,,Error,Empty or invalid URL
en-trak australia,,Error,Empty or invalid URL
roofology,roofology.com.au,Error,HTTP 403 - Forbidden
thrive electrical and plumbing,thriveco.com.au,WordPress,Detected WordPress markers
integrated solutions group queensland,isgq.com.au,WordPress,Detected WordPress markers
d&j painting service pty ltd,dandjpaintingservice.com.au,Unknown,No CMS markers found
easier living services pty ltd,easierliving.com.au,Unknown,No CMS markers found
quadro constructions,quadro.com.au,Error,HTTP 403 - Forbidden
thrillteq,thrillteq.com,Error,No response received from server or request timed out
aged services australia,agedservices.com.au,Error,HTTP 404 - Not Found
quality electrics,qelectrics.com.au,Error,No response received from server or request timed out
mworks commercial and civil,mworkscommercial.com,Error,HTTP 404 - Not Found
custom concrete finishes,customconcrete.com.au,Error,HTTP 403 - Forbidden
icon interior construction,iconshopfitting.com.au,Error,HTTP 404 - Not Found
measure theory analytics,measuretheory.ai,Unknown,No CMS markers found
radiusmedia,radiusmedia.com.au,Error,No response received from server or request timed out
teamlink,teamlink.com.au,Unknown,No CMS markers found
crittah,crittah.com,Squarespace,Detected Squarespace markers
detail electrical services,detailelectrical.com.au,Error,No response received from server or request timed out
delta plumbing and gas,delta-plumbing-and-gas.business.site,Error,HTTP 404 - Not Found
epsa solutions,epsasolutions.com,Unknown,No CMS markers found
zipwall australia,zipwall.com.au,Error,HTTP 403 - Forbidden
triton projects,tritonprojects.com.au,WordPress,Detected WordPress markers
custom built projects nsw,custombuiltnsw.com.au,WordPress,Detected WordPress markers
trimlite fencing central coast,trimlitefencingcentralcoast.com.au,Error,No response received from server or request timed out
lk construction australia,lkconstructionaustralia.com.au,Error,No response received from server or request timed out
astrnt,,Error,Empty or invalid URL
hychem infrastructure solutions,,Error,Empty or invalid URL
g. f. james plumbing,gfjamesplumbing.com,Error,No response received from server or request timed out
santrev pty ltd,santrev.com.au,WordPress,Detected WordPress markers
baru group,barugroup.com.au,WordPress,Detected WordPress markers
willowdene constructions pty ltd,willowdene.biz,WordPress,Detected WordPress markers
the it guys (wa),itguyswa.com.au,WordPress,Detected WordPress markers
skreztech - it consulting & contracting,skreztech.com,Wix,Detected Wix markers
robert guy & sons pty ltd,robertguyandsons.com.au,Error,HTTP 403 - Forbidden
conception group,conceptiongroup.com.au,Error,No response received from server or request timed out
better floors pty ltd,betterfloors.com.au,Error,No response received from server or request timed out
mount isa it services,miits.com.au,Error,No response received from server or request timed out
blue manna contracting pty ltd,bluemanna.net.au,Error,No response received from server or request timed out
clifford plumbing,cliffordplumbing.net.au,Error,No response received from server or request timed out
airfleece,airfleece.com,Error,No response received from server or request timed out
rjm builders,rjmbuilders.com.au,WordPress,Detected WordPress markers
matthews contracting pty ltd,matthewscontracting.com.au,Error,HTTP 403 - Forbidden
quokka technology,quokkaparking.com.au,Error,No response received from server or request timed out
solutions zane,solutionszane.com.au,Joomla,Detected Joomla markers
bakker built,bakkerbuilt.com,Wix,Detected Wix markers
8472 consulting,8472.com.au,Error,HTTP 404 - Not Found
pro fitout,profitout.com.au,Error,HTTP 403 - Forbidden
creteleak solutions,creteleak.com.au,Error,No response received from server or request timed out
infocom it,infocomit.com.au,Wix,Detected Wix markers
syndicate plumbing,syndicateplumbing.com.au,WordPress,Detected WordPress markers
spectrum wired,spectrumwired.com,Unknown,No CMS markers found
consillion australia & new zealand,sprintquip.com.au,Error,No response received from server or request timed out
the certifier pty ltd,thecertifier.com,WordPress,Detected WordPress markers
smj cabinets,smjcabinets.com,Error,No response received from server or request timed out
park glass and aluminium,,Error,Empty or invalid URL
wells kent limited,wellskent.co.uk,Error,No response received from server or request timed out
burgess systems consulting pty ltd,burgess-consulting.com.au,WordPress,Detected WordPress markers
meletis homes,meletishomes.com.au,Unknown,No CMS markers found
shore cleaning au,,Error,Empty or invalid URL
first it consulting,firstit.net.au,Error,No response received from server or request timed out
better call geeks,bettercallgeeks.com.au,Unknown,No CMS markers found
q1 group - a leader in the provision of cyber security solutions,q1recruitment.com,Error,No response received from server or request timed out
world sport action,worldsportaction.com,WordPress,Detected WordPress markers
ozland painting‚Ñ¢,ozlandpainting.com.au,Error,No response received from server or request timed out
emtech industries,emtechindustries.com.au,WordPress,Detected WordPress markers
net virtue,netvirtue.com.au,Error,No response received from server or request timed out
appdistract,app-distract.com.au,Error,No response received from server or request timed out
braid industries,braid.net.au,Unknown,No CMS markers found
burwood medical centre,burwoodmedical.com.au,Unknown,No CMS markers found
corellian pty ltd,corellian.com.au,WordPress,Detected WordPress markers
fosters earthworks and contracting,fosters-earthworks-and-contracting.business.site,Error,HTTP 404 - Not Found
viper plumbing services,viperplumbingservices.com.au,WordPress,Detected WordPress markers
per square media,,Error,Empty or invalid URL
civica international,,Error,Empty or invalid URL
peterboard pty ltd,peterboard.com.au,Error,No response received from server or request timed out
target civil engineering ltd,,Error,Empty or invalid URL
maitland carpet court,,Error,Empty or invalid URL
sherlock drains,sherlockdrains.com.au,WordPress,Detected WordPress markers
hardwick projects pty ltd,hardwickprojects.com.au,Unknown,No CMS markers found
central west crane services pty ltd,cwcservices.com.au,Error,HTTP 403 - Forbidden
black knight it,blackknight.net.au,Error,No response received from server or request timed out
1800 all painting,1800allpainting.com.au,WordPress,Detected WordPress markers
jogen electrical services,jogen.com.au,WordPress,Detected WordPress markers
pc quest,pcquest.com.au,Unknown,No CMS markers found
simple store,simplestore.io,Unknown,No CMS markers found
tmy advisory,tmyadvisory.com,WordPress,Detected WordPress markers
euro floor,eurofloor.com.au,Error,No response received from server or request timed out
flex print,flexprint.com.au,Error,No response received from server or request timed out
ar data,ardatagroup.com.au,Unknown,No CMS markers found
techball solutions,techballsolutions.com.au,Unknown,No CMS markers found
mivada,mivada.com,Webflow,Detected Webflow markers
marketing cube,marketingcube.com.au,WordPress,Detected WordPress markers
linux australia,linux.org.au,WordPress,Detected WordPress markers
painting decorating services,vsdecorating.com.au,Error,No response received from server or request timed out
hookys roofing,hookysroofing.com.au,WordPress,Detected WordPress markers
new edge electrical pty ltd,newedgeelectrical.com.au,WordPress,Detected WordPress markers
m and j earthmoving,mandjearthmoving.com.au,Error,No response received from server or request timed out
cnl electrical,cnlelectrical.com,Unknown,No CMS markers found
skills connect,,Error,Empty or invalid URL
flood emergency services,floodemergencyservices.com.au,Unknown,No CMS markers found
ingrams australia pty ltd,,Error,Empty or invalid URL
boscon developments,boscondevelopments.com.au,Error,No response received from server or request timed out
ipswich earthmoving excavation,ipswichearthmoving.com,Error,No response received from server or request timed out
techmosis,techmosis.com.au,Error,No response received from server or request timed out
green cloud consulting pty ltd,greencloudconsulting.com,WordPress,Detected WordPress markers
pro contracting,procontracting.com.au,WordPress,Detected WordPress markers
lightwood construction & property group,lightwoodconstruction.com,Error,No response received from server or request timed out
selby's earthmoving,selbys.net.au,Unknown,No CMS markers found
sea houses,seahouses.com.au,WordPress,Detected WordPress markers
jrc electrics,jrcelectrics.net.au,Error,No response received from server or request timed out
wyers engineering pty ltd,wyers.engineering,Error,No response received from server or request timed out
bluetongue civil pty ltd,bluetonguecivil.com.au,WordPress,Detected WordPress markers
ignition web design,sites.google.com/view/ignitionwebdesign,Unknown,No CMS markers found
n & t johnston earthmoving,ntjohnstonearthmoving.com.au,Error,No response received from server or request timed out
rosemonts & co,rosemonts.com.au,Error,No response received from server or request timed out
innessco,innessco.com,WordPress,Detected WordPress markers
dng technology | success through innovation,dngtech.com.au,WordPress,Detected WordPress markers
belong2,,Error,Empty or invalid URL
aaa precast concrete qld pty ltd,aaaprecast.com.au,Unknown,No CMS markers found
irt asbestos & demolition,,Error,Empty or invalid URL
associated mobile cranes,associatedcranes.com.au,Error,HTTP 403 - Forbidden
abode renovation centre,aboderenovations.com.au,WordPress,Detected WordPress markers
itms independent tyre monitoring solution,itms.net.au,Unknown,No CMS markers found
martek constructions group pty ltd,martekconstructions.com.au,Unknown,No CMS markers found
tier5 technologies limited,tier5technologies.com,WordPress,Detected WordPress markers
territoria civil,territoriacivil.com.au,Unknown,No CMS markers found
standrite,standrite.com.au,Unknown,No CMS markers found
snt3 consulting,snt3.com,Error,No response received from server or request timed out
x-rd,x-rd.com.au,Unknown,No CMS markers found
eye of envy hair extensions,eyeofenvy.com,Unknown,No CMS markers found
tolleno hire pty ltd,tolleno.com.au,WordPress,Detected WordPress markers
core roofing roofing,coreroofing.com.au,Error,No response received from server or request timed out
epcm technologies,epcmtechnologies.com,Unknown,No CMS markers found
ascendancy,webascendancy.com,Unknown,No CMS markers found
peak precast pty ltd,peakprecast.com.au,WordPress,Detected WordPress markers
cbd landscape construction pty ltd,,Error,Empty or invalid URL
dsj surveying limited,,Error,Empty or invalid URL
pernix,pernix.com.au,Wix,Detected Wix markers
evolved projects,evolvedprojects.com.au,Error,No response received from server or request timed out
aussie drain,aussiedrain.com.au,WordPress,Detected WordPress markers
popes electrical & data supplies,popeselectrical.com.au,Error,No response received from server or request timed out
peter priftis constructions,priftis.com.au,WordPress,Detected WordPress markers
one scaf,,Error,Empty or invalid URL
9yards,9yc.com.au,WordPress,Detected WordPress markers
f mackay constructions,,Error,Empty or invalid URL
youssofzay and hart pty. ltd.,youssofzayhart.com.au,Unknown,No CMS markers found
procurepm    project management,procurepm.com.au,WordPress,Detected WordPress markers
qc landscaping,qclandscaping.com.au,WordPress,Detected WordPress markers
ark joinery,arkjoinery.com.au,Error,HTTP 404 - Not Found
taptu,taptu.com.au,Unknown,No CMS markers found
northside glass and glazing,,Error,Empty or invalid URL
movecorp consulting,movecorp.com.au,Wix,Detected Wix markers
geeks2u,geeks2u.com.au,WordPress,Detected WordPress markers
open networks,,Error,Empty or invalid URL
connect auz pty ltd,connectauz.com.au,WordPress,Detected WordPress markers
intranet dashboard,intranetdashboard.com,Error,HTTP 403 - Forbidden
recoup contractor debt recovery,recoup.com.au,WordPress,Detected WordPress markers
ubidy,ubidy.com,WordPress,Detected WordPress markers
bygge,bygge.com.au,Error,HTTP 401 - Unauthorized
southside signs,southsidesigns.net.au,WordPress,Detected WordPress markers
great question training,greatquestion.com.au,Error,No response received from server or request timed out
roth plumbing,rothplumbing.com.au,WordPress,Detected WordPress markers
#1 decks,decking-pergolas.com.au,Error,No response received from server or request timed out
eastern ceilings and partitions,easternceilingsandpartitions.com.au,Error,No response received from server or request timed out
bluecorp plus,bluecorpplus.com.au,Error,No response received from server or request timed out
volteam electric pty ltd,volteam.com.au,WordPress,Detected WordPress markers
remblock,remblock.io,Error,No response received from server or request timed out
nuway response,nuwayresponse.com,Error,No response received from server or request timed out
yanes landscaping service,yaneslandscaping.com,WordPress,Detected WordPress markers
downer utilities australia pty ltd.,,Error,Empty or invalid URL
wandm construction pty ltd,,Error,Empty or invalid URL
drummond steel service,drummondsteel.com.au,Unknown,No CMS markers found
custom interiors pty ltd,custominteriors.com.au,WordPress,Detected WordPress markers
intersystems group,inter-systems.com,Unknown,No CMS markers found
southern sun excavation,southernsunexcavation.com.au,Error,No response received from server or request timed out
caruso bricklaying pty. ltd.,carusobricklaying.com.au,WordPress,Detected WordPress markers
inline fitouts,inlinefitouts.com.au,Error,No response received from server or request timed out
adlard joinery,,Error,Empty or invalid URL
outdoor evolution,outdoorevolution.com.au,Error,No response received from server or request timed out
plexnet pty ltd,plexnet.com.au,WordPress,Detected WordPress markers
structural group australia,strgrp.com.au,WordPress,Detected WordPress markers
command e,commande.com.au,WordPress,Detected WordPress markers
oscar george projects,oscargeorge.com.au,WordPress,Detected WordPress markers
get together group,gettogether.vc,WordPress,Detected WordPress markers
